곡번호,곡제목,가수,작곡가,작사가
"74798","모르시나요 (Prod. 로코베리)","조째즈","안영민","안영민,K-Smith"
"55791","나는 반딧불","황가람","정중식","정중식"
"74745","시작의 아이","마크툽","마크툽","마크툽"
"45076","참 다행이야","SPAPA","김건우","이태건"
"85066","My Love (And)","버즈","이상준","이재경"
"56569","Golden(영화 ""KPop Demon Hunters"")","HUNTR/X,EJAE,AUDRE..","EJAE,Mark Sonnenbl..","EJAE,Mark Sonnenbl.."
"80979","Drowning","WOODZ(조승연)","WOODZ(조승연),네..","WOODZ(조승연)"
"69033","가시","버즈","윤우현","임선아"
"56380","어제보다 슬픈 오늘","우디","김건모","김창환"
"82628","천상연 (웹툰""선녀외전"")","이창섭","유해준","유해준"
"6286","Tears","소찬휘","주태영","정성윤"
"9431","소주 한잔","임창정","이동원","임창정"
"58340","예술이야","PSY","PSY,유건형","PSY"
"3890","가질 수 없는 너","BANK","정시로","강은경"
"46863","형","노라조","이상준","이영준"
"9321","친구","안재욱","LIU Z","LIU S"
"5830","이미 슬픈 사랑","야다","이재혁","이재혁"
"46868","술 한잔해요","지아","이주호","원태연,최은하"
"87706","안동역에서","진성","최강산","김병걸"
"85068","남자를 몰라","버즈","이상준","김진아"
"91478","모든 날, 모든 순간 (드라마 키스 먼저...)","폴킴","어깨깡패","어깨깡패"
"4089","슬퍼지려 하기전에","쿨","최준영","최준영"
"6666","I Love You","포지션","OZAKI YUTAKA","이승호"
"7086","사랑.TWO","윤도현","임준철","이경희"
"76588","초혼","장윤정","임강현","김순곤"
"24793","심","DK(디셈버)","이근상","박준배,얀(Yarn)"
"87571","미운 사랑","진미령","송광호","송광호,진미령"
"46485","비와 당신","럼블피쉬","방준석","방준석"
"45117","응급실 (드라마""쾌걸춘향"")","izi","신동우","신동우"
"50104","운명 (2025)","먼데이키즈,이이경","한상원","BRAVE"
"68045","그 집 앞","이재성","이재성","이재성"
"68473","삭제","이승기","싸이","싸이"
"3977","준비 없는 이별","녹색지대","김범룡","이희승"
"49082","어디에도","M.C THE MAX !","이수,송양하,김재현","이수,송양하"
"48848","보릿고개","진성","김도일","진성"
"5422","애상","쿨","윤일상","이승호"
"45195","인연(동녘바람)","이선희","이선희","이선희"
"88450","미치게 그리워서 (드라마""울지 않는 새"")","유해준","유해준","유해준"
"6048","천년의 사랑","박완규","유해준","이현규"
"1697","숙녀에게","변진섭","하광훈","박주연"
"74847","미치게 그리워서","황가람","유해준","유해준"
"58464","흰수염고래","윤도현밴드","윤도현,허준","윤도현"
"64835","질풍가도(만화 ""쾌걸! 근육맨 2세"")","유정석","박정식","신동식"
"78629","다시 사랑한다면 (니글니글 버터플라이)","김필","김태원","강은경"
"21445","평행선","문희옥","송광호","김현진"
"64438","사랑의 바보","The Nuts","외국곡","강은경"
"86496","나에게 그대만이(드라마 ""다 함께 차차차"")","유해준","유해준","경재승"
"90322","좋니","윤종신","포스티노","윤종신"
"45246","서울의 달","김건모","김건모","최준영"
"23291","사랑은 늘 도망가 (드라마 신사와 아가씨)","임영웅","홍진영","강태규"
